{
  "IcoMoonType": "selection",
  "icons": [
    {
      "icon": {
        "paths": [
          "M871.2 871.2c-18.4 18.4-48.8 18.4-68 0l-101.6-101.6c-18.4-18.4-18.4-48.8 0-68 18.4-18.4 48.8-18.4 68 0l101.6 101.6c18.4 19.2 18.4 49.6 0 68zM220.28 220.712c-50.669 50.67-82.008 120.669-82.008 197.988 0 154.64 125.36 280 280 280 77.321 0 147.322-31.341 197.992-82.012l-0 0c50.669-50.67 82.008-120.669 82.008-197.988 0-154.64-125.36-280-280-280-77.321 0-147.322 31.341-197.992 82.012l0-0z",
          "M220.28 220.712c-50.669 50.67-82.008 120.669-82.008 197.988 0 154.64 125.36 280 280 280 77.321 0 147.322-31.341 197.992-82.012l-0 0c50.669-50.67 82.008-120.669 82.008-197.988 0-154.64-125.36-280-280-280-77.321 0-147.322 31.341-197.992 82.012l0-0z",
          "M418.4 674.4c-13.6 0-24-10.4-24-24s10.4-24 24-24c55.2 0 108-21.6 147.2-60.8 51.2-51.2 72-124 55.2-195.2-3.2-12.8 4.8-25.6 17.6-28.8s25.6 4.8 28.8 17.6c20.8 87.2-4 177.6-67.2 240.8-48.8 48-112.8 74.4-181.6 74.4zM584 280c-6.4 0-12-2.4-16.8-7.2l-1.6-0.8c-9.6-9.6-9.6-24.8 0-33.6 9.6-9.6 24.8-9.6 33.6 0l1.6 1.6c9.6 9.6 9.6 24.8 0 33.6-4.8 4-10.4 6.4-16.8 6.4z",
          "M418.4 722.4c-77.6 0-156-29.6-215.2-88.8-118.4-118.4-118.4-311.2 0-429.6s311.2-118.4 429.6 0c119.2 118.4 119.2 311.2 0.8 429.6-59.2 59.2-136.8 88.8-215.2 88.8zM418.4 163.2c-65.6 0-131.2 24.8-180.8 75.2-100 100-100 262.4 0 362.4 100 98.4 262.4 98.4 362.4-0.8 100-100 100-262.4 0-362.4-50.4-49.6-116-74.4-181.6-74.4zM888 786.4l-101.6-101.6c-13.6-13.6-32-20.8-51.2-20.8-11.2 0-21.6 2.4-31.2 7.2l-20-20c-9.6-9.6-24.8-9.6-33.6 0-9.6 9.6-9.6 24.8 0 33.6l20 20c-4.8 9.6-7.2 20-7.2 31.2 0 19.2 7.2 37.6 20.8 51.2l102.4 100.8c14.4 14.4 32.8 20.8 51.2 20.8s36.8-7.2 51.2-20.8c27.2-28 27.2-73.6-0.8-101.6zM854.4 854.4c-9.6 9.6-24.8 9.6-33.6 0l-102.4-101.6c-4.8-4.8-7.2-10.4-7.2-16.8s2.4-12.8 7.2-16.8c4.8-4.8 10.4-7.2 16.8-7.2s12.8 2.4 16.8 7.2l101.6 101.6c10.4 8.8 10.4 24 0.8 33.6z"
        ],
        "attrs": [
          {
            "fill": "rgb(255, 255, 255)"
          },
          {
            "fill": "rgb(255, 255, 255)"
          },
          {
            "fill": "rgb(113, 194, 255)"
          },
          {
            "fill": "rgb(68, 75, 84)"
          }
        ],
        "isMulticolor": true,
        "isMulticolor2": false,
        "grid": 0,
        "tags": [
          "icons8-search"
        ],
        "colorPermutations": {
          "113194255125525525516875841": [
            {
              "f": 2
            },
            {
              "f": 2
            },
            {
              "f": 1
            },
            {
              "f": 0
            }
          ]
        }
      },
      "attrs": [
        {
          "fill": "rgb(255, 255, 255)"
        },
        {
          "fill": "rgb(255, 255, 255)"
        },
        {
          "fill": "rgb(113, 194, 255)"
        },
        {
          "fill": "rgb(68, 75, 84)"
        }
      ],
      "properties": {
        "order": 8,
        "id": 0,
        "name": "icons8-search",
        "prevSize": 32,
        "code": 59648,
        "codes": [
          59648,
          59649,
          59650,
          59651
        ]
      },
      "setIdx": 0,
      "setId": 2,
      "iconIdx": 0
    },
    {
      "icon": {
        "paths": [
          "M992.262 871.396l-242.552-206.294c-25.074-22.566-51.89-32.926-73.552-31.926 57.256-67.068 91.842-154.078 91.842-249.176 0-212.078-171.922-384-384-384-212.076 0-384 171.922-384 384s171.922 384 384 384c95.098 0 182.108-34.586 249.176-91.844-1 21.662 9.36 48.478 31.926 73.552l206.294 242.552c35.322 39.246 93.022 42.554 128.22 7.356s31.892-92.898-7.354-128.22zM384 640c-141.384 0-256-114.616-256-256s114.616-256 256-256 256 114.616 256 256-114.614 256-256 256z"
        ],
        "tags": [
          "search",
          "magnifier",
          "magnifying-glass",
          "inspect",
          "find"
        ],
        "defaultCode": 59782,
        "grid": 16,
        "attrs": []
      },
      "attrs": [],
      "properties": {
        "ligatures": "search, magnifier",
        "name": "search",
        "order": 7,
        "id": 135,
        "prevSize": 32
      },
      "setIdx": 1,
      "setId": 1,
      "iconIdx": 134
    }
  ],
  "height": 1024,
  "preferences": {
    "showGlyphs": true,
    "showQuickUse": true,
    "showQuickUse2": false,
    "showSVGs": true,
    "fontPref": {
      "prefix": "icon-",
      "metadata": {
        "fontFamily": "icomoon"
      },
      "metrics": {
        "emSize": 1024,
        "baseline": 6.25,
        "whitespace": 50
      },
      "embed": false
    },
    "imagePref": {
      "prefix": "icon-",
      "png": true,
      "useClassSelector": true,
      "color": 0,
      "bgColor": 16777215,
      "classSelector": ".icon",
      "name": "icomoon",
      "height": 32,
      "columns": 16,
      "margin": 16
    },
    "historySize": 50,
    "showCodes": true,
    "gridSize": 16
  }
}